baslik,konum,fiyat,ilan_tarihi,marka,seri,model,yil,kilometre,vites_tipi,yakit_tipi,kasa_tipi,renk,motor_hacmi,motor_gucu,cekis,arac_durumu,ortalama_yakit_tuketimi,yakit_deposu,boya_degisen,takasa_uygun,kimden,tramer
2022 MEGANE 1.3 TCE 140 HP JOY COMFORT EDC SERVİS BAKIMLI İLK EL,"Yeni Mh. Sarıçam, Adana",1.169.000 TL,21 Ağustos 2025,Renault,Megane,1.3 TCe Joy Comfort,2022,124.000 km,Otomatik,Benzin,Sedan,Beyaz,1201 - 1400 cm3,126 - 150 HP,Önden Çekiş,İkinci El,,,1 değişen,Takasa Uygun,Galeriden,71300.0
2004 Model Opel Corsa Enjoy 1.3 CDTİ -Km: 261.000,"Yeşiloba Mh. Seyhan, Adana",365.000 TL,20 Ağustos 2025,Opel,Corsa,1.3 CDTI Enjoy,2004,261.000 km,Düz,Dizel,Hatchback/5,Gri,1248 cc,70 hp,Önden Çekiş,İkinci El,"4,5 lt",44 lt,"1 değişen, 2 boyalı",Takasa Uygun Değil,Galeriden,
Sahibinden Renault Clio 1.5 dCi Authentique 2007 Model,"Ulus Mh. Ceyhan, Adana",300.000 TL,18 Ağustos 2025,Renault,Clio,1.5 dCi Authentique,2007,276.271 km,Düz,Dizel,Hatchback/5,Gri,1461 cc,65 hp,Önden Çekiş,İkinci El,"4,9 lt",55 lt,"2 değişen, 4 boyalı",Takasa Uygun,Sahibinden,
*2017*318i Sport Plus* 3-KOL*HARMAN KARDON * HATASIZ TEMİZLİKTE*,"Yeşiloba Mh. Seyhan, Adana",1.375.000 TL,16 Ağustos 2025,BMW,3 Serisi,318i Sport Plus,2017,259.000 km,Otomatik,Benzin,Sedan,Mavi,1401 - 1600 cm3,126 - 150 HP,Arkadan İtiş,İkinci El,,,Belirtilmemiş,Takasa Uygun,Galeriden,
Sahibinden Opel Astra 1.6 Essentia Konfor 2013 Model,"Musalla Mh. Merkez, Adıyaman",675.000 TL,21 Ağustos 2025,Opel,Astra,1.6 Essentia Konfor,2013,180.000 km,Düz,LPG & Benzin,Hatchback/5,Beyaz,1598 cc,115 hp,Önden Çekiş,İkinci El,"6,5 lt",52 lt,Tamamı orjinal,Takasa Uygun,Sahibinden,
SALİH AUTO DAN ÇOK TEMİZ DEĞİŞENSİZ SIFIR MOTOR,"Altınşehir Mh. Merkez, Adıyaman",285.000 TL,13 Ağustos 2025,Toyota,Corolla,1.3 XL,1995,265.000 km,Düz,Benzin,Sedan,Beyaz,1201 - 1400 cm3,76 - 100 HP,Önden Çekiş,İkinci El,,,5 boyalı,Takasa Uygun,Galeriden,
Sahibinden Skoda Fabia 1.2 Classic 2008 Model,"Cumhuriyet Mh. Merkez, Adıyaman",365.000 TL,27 Temmuz 2025,Skoda,Fabia,1.2 Classic,2008,255.000 km,Düz,LPG & Benzin,Hatchback/5,Beyaz,1198 cc,70 hp,Önden Çekiş,İkinci El,"5,9 lt",45 lt,"1 değişen, 5 boyalı",,Sahibinden,8000.0
Sahibinden Renault R 9 1.4 Broadway 1995 Model,"Doyran Köyü Merkez, Adıyaman",210.000 TL,24 Haziran 2025,Renault,R 9,1.4 Broadway,1995,324.000 km,Düz,LPG & Benzin,Sedan,Beyaz,1390 cc,83 hp,Önden Çekiş,İkinci El,,47 lt,Belirtilmemiş,Takasa Uygun Değil,Sahibinden,
Sahibinden Ford Focus 1.6 Ti-VCT Titanium 2011 Model,"Gazi Mh. Merkez, Afyonkarahisar",600.000 TL,17 Ağustos 2025,Ford,Focus,1.6 Ti-VCT Titanium,2011,200.000 km,Düz,LPG & Benzin,Hatchback/5,Siyah,1596 cc,115 hp,Önden Çekiş,İkinci El,"6,6 lt",55 lt,1 boyalı,,Sahibinden,
Sahibinden Toyota Corolla 1.4 D-4D Advance 2016 Model,"Düzağaç Beldesi (Zafer Mh.) Sinanpaşa, Afyonkarahisar",1.125.000 TL,11 Ağustos 2025,Toyota,Corolla,1.4 D-4D Advance,2016,172.000 km,Düz,Dizel,Sedan,Gri (metalik),1364 cc,90 hp,Önden Çekiş,İkinci El,"4,1 lt",55 lt,Tamamı orjinal,,Sahibinden,
"Değişensiz, Sorunsuz, Temiz C4 Picasso","Kocatepe Mh. Merkez, Afyonkarahisar",585.000 TL,29 Temmuz 2025,Citroen,C4 Picasso,1.6 HDi SX PK,2008,207.000 km,Yarı Otomatik,Dizel,MPV,Siyah,1560 cc,111 hp,Önden Çekiş,İkinci El,"5,7 lt",60 lt,1 boyalı,Takasa Uygun,Sahibinden,
Sahibinden Fiat Punto Grande 1.3 Multijet Dynamic 2006 Model,"Sahipata Mh. Merkez, Afyonkarahisar",350.000 TL,06 Temmuz 2025,Fiat,Punto,Grande 1.3 Multijet Dynamic,2006,292.000 km,Düz,Dizel,Hatchback/5,Mavi (metalik),1248 cc,75 hp,Önden Çekiş,İkinci El,,45 lt,11 boyalı,,Sahibinden,
Sahibinden Opel Astra 1.6 Classic 2001 Model,"Sarıgül Mh. Doğubayazıt, Ağrı",265.000 TL,02 Temmuz 2025,Opel,Astra,1.6 Classic,2001,165.000 km,Düz,Benzin,Hatchback/5,Beyaz,1598 cc,75 hp,Önden Çekiş,İkinci El,"7,2 lt",52 lt,7 boyalı,Takasa Uygun Değil,Sahibinden,
Sahibinden Renault R 9 1.4 Broadway 1992 Model,"Şeyhcui Mh. Merkez, Amasya",195.000 TL,28 Temmuz 2025,Renault,R 9,1.4 Broadway,1992,200.000 km,Düz,LPG & Benzin,Sedan,Beyaz,1390 cc,83 hp,Önden Çekiş,İkinci El,,47 lt,Belirtilmemiş,,Sahibinden,
BAŞARAN'DAN HATASIZ 2013 MERCEDES CLA 200 AMG 700.000 KREDİLİ,"Saracalar Mh. Akyurt, Ankara",1.500.000 TL,16 Ağustos 2025,Mercedes - Benz,CLA,200 AMG,2013,204.000 km,Otomatik,Benzin,Coupe,Beyaz,1401 - 1600 cm3,151 - 175 HP,Önden Çekiş,İkinci El,,,Tamamı orjinal,Takasa Uygun,Galeriden,
Sahibinden Renault Fluence 1.5 dCi Business 2012 Model,"Aşağı Eğlence Mh. Keçiören, Ankara",555.000 TL,21 Ağustos 2025,Renault,Fluence,1.5 dCi Business,2012,264.000 km,Düz,Dizel,Sedan,Gri (Gümüş),1461 cc,90 hp,Önden Çekiş,İkinci El,"4,4 lt",60 lt,Belirtilmemiş,,Sahibinden,1200.0
2023 RENAULT MEGANE 1.3TCE OTOMATİK-HATASIZ-BOYASIZ-TRAMERSİZ-,"Birlik Mh. Çankaya, Ankara",1.470.000 TL,21 Ağustos 2025,Renault,Megane,1.3 TCe Touch,2023,33.000 km,Otomatik,Benzin,Sedan,Kırmızı,1201 - 1400 cm3,126 - 150 HP,Önden Çekiş,İkinci El,,,Tamamı orjinal,Takasa Uygun Değil,Galeriden,
ÇAĞDAŞLAR'DAN__87.000 KM'DE__POLO 1.2 TSİ COMFORTLINE__OTOMATİK,"Balıkhisar Mh. Akyurt, Ankara",910.000 TL,20 Ağustos 2025,Volkswagen,Polo,1.2 TSi Comfortline,2017,87.000 km,Otomatik,Benzin,Hatchback/5,Beyaz,1200 cm3' e kadar,76 - 100 HP,Önden Çekiş,İkinci El,,,"4 değişen, 3 boyalı",Takasa Uygun,Galeriden,
Bütün bakımları yeni klimalı Opel Corsa 1.3 CDTI Essentia,"Etiler Mh. Muratpaşa, Antalya",245.000 TL,21 Ağustos 2025,Opel,Corsa,1.3 CDTI Essentia,2004,360.000 km,Düz,Dizel,Hatchback/5,Lacivert,1248 cc,70 hp,Önden Çekiş,İkinci El,"4,5 lt",44 lt,"1 değişen, 8 boyalı",,Sahibinden,
Burak'tan |K.Kartna12taksit%2.1| Corolla 1.8Hybird%20Fatura 2022,"Altınova Sinan Mh. Kepez, Antalya",1.285.750 TL,20 Ağustos 2025,Toyota,Corolla,1.8 Hybrid Dream,2022,148.000 km,Otomatik,Hibrit,Sedan,Beyaz,1601 - 1800 cm3,101 - 125 HP,Önden Çekiş,İkinci El,,,1 değişen,Takasa Uygun,Galeriden,
BEKA'dan 2008 Astra Sedan 1.3 CDTI Enjoy Değişensiz,"Meydankavağı Mh. Muratpaşa, Antalya",380.000 TL,19 Ağustos 2025,Opel,Astra,1.3 CDTI Enjoy,2008,350.000 km,Düz,Dizel,Sedan,Gri,1248 cc,90 hp,Önden Çekiş,İkinci El,"5,1 lt",52 lt,5 boyalı,Takasa Uygun Değil,Galeriden,
ERDEM'den 2020 Audi A4 Allroad Quattro 40 TDI Gri - Taba,"Meydankavağı Mh. Muratpaşa, Antalya",2.757.000 TL,18 Ağustos 2025,Audi,A4,A4 Allroad Quattro 4.0 TDI,2020,116.000 km,Otomatik,Dizel,Station wagon,Gri,1801 - 2000 cm3,201 - 225 HP,4WD (Sürekli),İkinci El,,,Tamamı orjinal,Takasa Uygun,Galeriden,
Sahibinden Renault R 9 1.4 Broadway 1994 Model,"Merkez Mh. Yusufeli, Artvin",170.000 TL,08 Ağustos 2025,Renault,R 9,1.4 Broadway,1994,219.000 km,Düz,LPG & Benzin,Sedan,Kırmızı,1390 cc,83 hp,Önden Çekiş,İkinci El,,47 lt,Belirtilmemiş,,Sahibinden,
Sahibinden Ford Focus 1.6 Comfort 2004 Model,"Çeltikçi Mh. Söke, Aydın",445.000 TL,19 Ağustos 2025,Ford,Focus,1.6 Comfort,2004,178.000 km,Düz,Benzin,Sedan,Beyaz,1596 cc,100 hp,Önden Çekiş,İkinci El,"6,8 lt",55 lt,6 boyalı,Takasa Uygun,Sahibinden,
2022/VOLKSWAGEN/POLO/1.0TSİ/LİFE/HATASIZ,"Ata OSB Efeler, Aydın",1.379.000 TL,16 Ağustos 2025,Volkswagen,Polo,1.0 TSi Life,2022,7.500 km,Otomatik,Benzin,Hatchback/5,Beyaz,1200 cm3' e kadar,76 - 100 HP,Önden Çekiş,İkinci El,,,Tamamı orjinal,Takasa Uygun,Galeriden,
VOLKAN OTO GALERİDEN 2013 MODEL OPEL CORSA  DEĞİŞENSİZ,"Yeni Cami Mh. Söke, Aydın",525.000 TL,12 Ağustos 2025,Opel,Corsa,1.3 CDTI Essentia,2013,246.000 km,Düz,Dizel,Hatchback/3,Beyaz,1248 cc,75 hp,Önden Çekiş,İkinci El,"4,2 lt",45 lt,Tamamı orjinal,Takasa Uygun Değil,Galeriden,2.0
Karabulut otomativden 520D makina,"Cumhuriyet Mh. Çine, Aydın",930.000 TL,07 Ağustos 2025,BMW,5 Serisi,520d Premium,2008,280.000 km,Otomatik,Dizel,Sedan,Siyah,1995 cc,177 hp,Arkadan İtiş,İkinci El,"6,1 lt",70 lt,Tamamı orjinal,Takasa Uygun Değil,Galeriden,7.0
FULL DONANIMLI SAHİBİNDEN FORD FOCUS,"100. Yıl Mh. Bandırma, Balıkesir",929.000 TL,19 Ağustos 2025,Ford,Focus,1.6 TDCi Trend X,2015,143.000 km,Düz,Dizel,Sedan,Beyaz,1560 cc,95 hp,Önden Çekiş,İkinci El,"4,5 lt",53 lt,2 değişen,Takasa Uygun Değil,Sahibinden,
VEFAdan HATASIZ BOYASIZ 2019 VW POLO 1.6 TDİ COMFORTLİNE DSG,"Kuva-İ Milliye Mh. Karesi, Balıkesir",1.180.000 TL,15 Ağustos 2025,Volkswagen,Polo,1.6 TDi Comfortline,2019,100.000 km,Otomatik,Dizel,Hatchback/5,Beyaz,1401 - 1600 cm3,76 - 100 HP,Önden Çekiş,İkinci El,,,Tamamı orjinal,Takasa Uygun,Galeriden,
Galeriden Ford Mondeo 2.0 GLX 1997 Model Balıkesir,"Cumhuriyet Mh. Burhaniye, Balıkesir",190.000 TL,10 Ağustos 2025,Ford,Mondeo,2.0 GLX,1997,300.000 km,Düz,LPG & Benzin,Hatchback/5,Mavi (metalik),1988 cc,130 hp,Önden Çekiş,İkinci El,"8,3 lt",61 lt,Tamamı orjinal,Takasa Uygun,Galeriden,
Öğretmenden tertemiz lacetti ACİL SATILIK,"Kayabey Mh. Karesi, Balıkesir",320.000 TL,01 Ağustos 2025,Chevrolet,Lacetti,1.4 SE,2004,228.000 km,Düz,LPG & Benzin,Hatchback/5,Gri (Gümüş),1399 cc,95 hp,Önden Çekiş,İkinci El,"7,2 lt",60 lt,3 boyalı,,Sahibinden,
"Honda Civic 1.5 i-VTEC Executive Plus 2021 Model 182 Hp,Servis bakımlı Garantisi devam ediyor,89 bin km'de","İnönü Mh. Osmaneli, Bilecik",1.755.000 TL,25 Temmuz 2025,Honda,Civic,1.5 i-VTEC Executive Plus,2021,89.000 km,Otomatik,Benzin,Sedan,Beyaz,1498 cc,182 hp,Önden Çekiş,İkinci El,"6,7 lt",47 lt,Belirtilmemiş,Takasa Uygun Değil,Galeriden,
Sahibinden Peugeot 301 1.6 HDi Active 2017 Model,"Kültür Mh. Merkez, Bingöl",665.000 TL,28 Temmuz 2025,Peugeot,301,1.6 HDi Active,2017,175.000 km,Düz,Dizel,Sedan,Beyaz,1560 cc,93 hp,Önden Çekiş,İkinci El,"4,3 lt",50 lt,"1 değişen, 2 boyalı",,Sahibinden,
Sahibinden Lada Vega 1.6 2001 Model,"Barajyolu Mh. Güroymak, Bitlis",145.000 TL,24 Temmuz 2025,Lada,Vega,1.6,2001,258.000 km,Düz,LPG & Benzin,Sedan,Bej,1596 cc,90 hp,Önden Çekiş,İkinci El,"6,8 lt",43 lt,Tamamı boyalı,,Sahibinden,
Sahibinden Fiat Marea 1.6 Liberty 2004 Model,"Umutkent Mh. Merkez, Bolu",375.000 TL,14 Ağustos 2025,Fiat,Marea,1.6 Liberty,2004,178.000 km,Düz,LPG & Benzin,Sedan,Gri,1596 cc,103 hp,Önden Çekiş,İkinci El,"8,1 lt",63 lt,Belirtilmemiş,Takasa Uygun,Sahibinden,
Sahibinden Honda Civic 1.6 i-VTEC Premium 2012 Model,"Pazarköy Köyü (Kültür Mh.) Mengen, Bolu",750.000 TL,28 Temmuz 2025,Honda,Civic,1.6 i-VTEC Premium,2012,200.000 km,Düz,LPG & Benzin,Sedan,Beyaz,1595 cc,125 hp,Önden Çekiş,İkinci El,"6,7 lt",50 lt,Belirtilmemiş,,Sahibinden,
HATASIZ KUSURSUZ EMSALSİZ TEMİZLİKTE KOLDAN SİS BEYAZ Otm. ES,"Camii Mh. Bucak, Burdur",670.000 TL,21 Ağustos 2025,Honda,Civic,1.6 i-VTEC ES,2006,298.000 km,Otomatik,Benzin,Sedan,Beyaz,1590 cc,110 hp,Önden Çekiş,İkinci El,7 lt,50 lt,Tamamı orjinal,Takasa Uygun Değil,Galeriden,
Sahibinden Tofaş Şahin 1.6 1992 Model,"Sakarya Mh. Merkez, Burdur",115.000 TL,30 Temmuz 2025,Tofaş,Şahin,1.6,1992,285.000 km,Düz,LPG & Benzin,Sedan,Siyah,1581 cc,,Arkadan İtiş,İkinci El,,52 lt,Belirtilmemiş,,Sahibinden,
MEGANE 2 - CAM TAVAN - K.KARTI 12 TAKSİT,"Soğanlı Mh. Osmangazi, Bursa",289.000 TL,21 Ağustos 2025,Renault,Megane,1.5 dCi Dynamique,2006,364.000 km,Düz,Dizel,Sedan,Gri,1401 - 1600 cm3,76 - 100 HP,Önden Çekiş,İkinci El,,,"1 değişen, 11 boyalı",Takasa Uygun,Galeriden,
Sahibinden Seat Leon 1.5 EcoTSI FR 2020 Model,"Demirtaş Barbaros Mh. Osmangazi, Bursa",1.570.000 TL,20 Ağustos 2025,Seat,Leon,1.5 EcoTSI FR,2020,97.000 km,Düz,Benzin,Hatchback/5,Kırmızı,1498 cc,130 hp,Önden Çekiş,İkinci El,"5,2 lt",45 lt,Tamamı orjinal,,Sahibinden,
VW Polo 1.6 Comfortline Classic 2001 Model DÜRBÜN GÖĞÜS,"Yeşilova Mh. Osmangazi, Bursa",270.000 TL,19 Ağustos 2025,Volkswagen,Polo,1.6 Comfortline Classic,2001,258.000 km,Düz,LPG & Benzin,Sedan,Beyaz,1595 cc,100 hp,Önden Çekiş,İkinci El,"7,9 lt",45 lt,Tamamı boyalı,Takasa Uygun,Galeriden,
Sahibinden Renault Laguna 2.0 Privilege 2003 Model,"152 Evler Mh. Yıldırım, Bursa",275.000 TL,18 Ağustos 2025,Renault,Laguna,2.0 Privilege,2003,309.000 km,Otomatik,LPG & Benzin,Hatchback/5,Mavi,1998 cc,140 hp,Önden Çekiş,İkinci El,"8,4 lt",70 lt,"1 değişen, 8 boyalı",,Sahibinden,
Galeriden Tofaş Şahin S 1996 Model Çanakkale,"Kurtuluş Mh. Yenice, Çanakkale",155.000 TL,17 Ağustos 2025,Tofaş,Şahin,S,1996,250.000 km,Düz,LPG & Benzin,Sedan,Beyaz,1581 cc,80 hp,Arkadan İtiş,İkinci El,,52 lt,"3 değişen, 8 boyalı",Takasa Uygun,Galeriden,
Sahibinden Renault R 11 GTS 1989 Model  279.000 km Beyaz,"Kepez Beldesi (Cumhuriyet Mh.) Merkez, Çanakkale",160.000 TL,31 Temmuz 2025,Renault,R 11,GTS,1989,279.000 km,Düz,Benzin,Hatchback/5,Beyaz,1397 cc,67 hp,Önden Çekiş,İkinci El,,47 lt,7 boyalı,,Sahibinden,
Sahibinden Renault R 9 1.4 Spring 1992 Model,"Yaykın Köyü Çan, Çanakkale",130.000 TL,23 Haziran 2025,Renault,R 9,1.4 Spring,1992,250.000 km,Düz,Benzin,Sedan,Yeşil,1390 cc,72 hp,Önden Çekiş,İkinci El,,47 lt,Tamamı orjinal,,Sahibinden,
EMSALSİZ TEMİZLİKTE 95 BROADWAY,"Sunguroğlu Mh. Sungurlu, Çorum",190.000 TL,20 Ağustos 2025,Renault,R 9,1.4 Broadway,1995,195.000 km,Düz,Benzin,Sedan,Beyaz,1390 cc,83 hp,Önden Çekiş,İkinci El,,47 lt,"1 değişen, 9 boyalı",Takasa Uygun,Galeriden,
OTOMOBİL RUHSATLI CORSA 1.3 DİZEL,"Bahçelievler Mh. Merkez, Çorum",335.000 TL,06 Ağustos 2025,Opel,Corsa,1.3 CDTI Cosmo,2004,261.000 km,Düz,Dizel,Hatchback/3,Beyaz,1248 cc,70 hp,Önden Çekiş,İkinci El,"4,5 lt",44 lt,1 değişen,Takasa Uygun Değil,Galeriden,
Sahibinden Tofaş Doğan L 1991 Model Çorum,"Ulukavak Mh. Merkez, Çorum",145.000 TL,08 Temmuz 2025,Tofaş,Doğan,L,1991,89.000 km,Düz,LPG & Benzin,Sedan,Bordo,1581 cc,83 hp,Arkadan İtiş,İkinci El,"6,5 lt",50 lt,Belirtilmemiş,Takasa Uygun,Sahibinden,
Sahibinden Peugeot 207 1.4 HDi Trendy 2007 Model,"İlbade Mh. Merkezefendi, Denizli",515.000 TL,20 Ağustos 2025,Peugeot,207,1.4 HDi Trendy,2007,256.000 km,Düz,Dizel,Hatchback/5,Kırmızı,1398 cc,71 hp,Önden Çekiş,İkinci El,"4,5 lt",50 lt,"1 değişen, 4 boyalı",,Sahibinden,
Sahibinden Klimalı Temiz 306 Sedan,"Değirmenönü Mh. Merkezefendi, Denizli",265.000 TL,16 Ağustos 2025,Peugeot,306,1.6 XR,2000,239.000 km,Düz,LPG & Benzin,Sedan,Kırmızı,1587 cc,90 hp,Önden Çekiş,İkinci El,"7,3 lt",60 lt,Tamamı orjinal,Takasa Uygun Değil,Sahibinden,0.0
MAXCAR'AUDİ A3 SEDAN ADVANCED 35TFSI YETKİLİ SERVİS BAKIMLI,"Merkez Pamukkale, Denizli",1.700.000 TL,13 Ağustos 2025,Audi,A3,A3 Sedan 35 TFSI Advanced,2021,178.000 km,Otomatik,Benzin,Sedan,Siyah,1401 - 1600 cm3,126 - 150 HP,Önden Çekiş,İkinci El,,,1 değişen,Takasa Uygun,Galeriden,
Sahibinden Toyota Corolla 1.3 XL 1995 Model,"Cumhuriyet Mh. Serinhisar, Denizli",220.000 TL,08 Ağustos 2025,Toyota,Corolla,1.3 XL,1995,435.000 km,Düz,LPG & Benzin,Sedan,Gri (metalik),1332 cc,88 hp,Önden Çekiş,İkinci El,,50 lt,Belirtilmemiş,Takasa Uygun,Sahibinden,
Sahibinden Renault Megane 1.9 DTi RTE 2001 Model,"5 Nisan Mh. Bağlar, Diyarbakır",220.000 TL,19 Ağustos 2025,Renault,Megane,1.9 DTi RTE,2001,262.500 km,Düz,Dizel,Sedan,Gri (Gümüş),1870 cc,98 hp,Önden Çekiş,İkinci El,"5,3 lt",60 lt,Belirtilmemiş,Takasa Uygun,Sahibinden,
Sahibinden Renault R 9 1.4 Broadway 1996 Model,"Küçükkadı Mh. Sur, Diyarbakır",1.111.111 TL,13 Ağustos 2025,Renault,R 9,1.4 Broadway,1996,344.000 km,Düz,LPG & Benzin,Sedan,Beyaz,1390 cc,83 hp,Önden Çekiş,İkinci El,,47 lt,Tamamı orjinal,,Sahibinden,
Sahibinden Ford Focus 1.5 TDCi Trend X 2016 Model,"Üçkuyu Mh. Yenişehir, Diyarbakır",885.000 TL,06 Ağustos 2025,Ford,Focus,1.5 TDCi Trend X,2016,238.000 km,Yarı Otomatik,Dizel,Sedan,Beyaz,1499 cc,120 hp,Önden Çekiş,İkinci El,"4,2 lt",55 lt,4 boyalı,,Sahibinden,
Galeriden Renault Megane 1.5 Blue DCI Joy 2020 Model Diyarbakır,"Bağcılar Mh. Bağlar, Diyarbakır",1.050.000 TL,24 Temmuz 2025,Renault,Megane,1.5 Blue DCI Joy,2020,175.000 km,Yarı Otomatik,Dizel,Sedan,Beyaz,1461 cc,115 hp,Önden Çekiş,İkinci El,"4,2 lt",49 lt,2 boyalı,Takasa Uygun,Galeriden,
GÜRKAN (S) OTOMOTİV 2017 MEGANE 1.6 JOY 135.000 KM HATASIZ,"İstasyon Mh. Merkez, Edirne",939.500 TL,15 Ağustos 2025,Renault,Megane,1.6 Joy,2017,135.000 km,Düz,Benzin,Hatchback/5,Beyaz,1401 - 1600 cm3,101 - 125 HP,Önden Çekiş,İkinci El,,,Tamamı orjinal,Takasa Uygun,Galeriden,
Sahibinden Volkswagen Jetta 1.6 TDi Highline 2015 Model  300.000 km Lacivert,"1. Murat Mh. Merkez, Edirne",850.000 TL,13 Temmuz 2025,Volkswagen,Jetta,1.6 TDi Highline,2015,310.000 km,Yarı Otomatik,Dizel,Sedan,Lacivert,1598 cc,105 hp,Önden Çekiş,İkinci El,"4,7 lt",55 lt,2 boyalı,,Sahibinden,
HATASIZ 2019 SEAT İBİZA 1.0 ECO TSİ DSG OTOMATİK 57.000 KM,"Sürsürü Mh. Merkez, Elazığ",1.160.000 TL,19 Ağustos 2025,Seat,Ibiza,1.0 EcoTSI Style,2019,57.778 km,Otomatik,Benzin,Hatchback/5,Gri,1200 cm3' e kadar,101 - 125 HP,Önden Çekiş,İkinci El,,,Tamamı orjinal,Takasa Uygun,Galeriden,
1996 Astra 1.6 ecotec motor degisensiz (kredi kartı çekilir),"Yeni Mh. Merkez, Elazığ",200.000 TL,10 Ağustos 2025,Opel,Astra,1.6 GLS,1996,330.000 km,Düz,Benzin,Sedan,Yeşil,1598 cc,100 hp,Önden Çekiş,İkinci El,,52 lt,6 boyalı,Takasa Uygun Değil,Galeriden,
Sahibinden Opel Corsa 1.2 Essentia 2012 Model,"Üniversite Mh. Merkez, Elazığ",495.000 TL,27 Temmuz 2025,Opel,Corsa,1.2 Essentia,2012,115.000 km,Düz,LPG & Benzin,Hatchback/5,Siyah,1229 cc,85 hp,Önden Çekiş,İkinci El,"5,3 lt",45 lt,Belirtilmemiş,,Sahibinden,
Mercedes - Benz E 180 AMG 2019 Aralık çıkışlı,"Cumhuriyet Mh. Merkez, Elazığ",3.350.000 TL,08 Temmuz 2025,Mercedes - Benz,E,180 AMG,2018,53.000 km,Otomatik,Benzin,Sedan,Beyaz,1595 cc,156 hp,Arkadan İtiş,İkinci El,"6,5 lt",50 lt,Tamamı orjinal,,Sahibinden,
Sahibinden Hyundai Accent 1.3 LX 1999 Model,"İnönü Mh. Merkez, Erzincan",235.000 TL,30 Temmuz 2025,Hyundai,Accent,1.3 LX,1999,290.000 km,Düz,LPG & Benzin,Sedan,Beyaz,1341 cc,86 hp,Önden Çekiş,İkinci El,"6,1 lt",45 lt,1 değişen,Takasa Uygun Değil,Sahibinden,
Sahibinden Opel Astra 1.6 CD 1999   PAZARLIKSIZ SON FİYAT,"Kurtuluş Mh. Yakutiye, Erzurum",315.000 TL,19 Ağustos 2025,Opel,Astra,1.6 CD,1999,310.000 km,Otomatik,LPG & Benzin,Sedan,Lacivert,1598 cc,100 hp,Önden Çekiş,İkinci El,"8,2 lt",52 lt,2 değişen,Takasa Uygun,Sahibinden,
Sahibinden Ford Focus 1.6 Comfort 2011 Model,"Adnan Menderes Mh. Palandöken, Erzurum",640.000 TL,08 Ağustos 2025,Ford,Focus,1.6 Comfort,2011,168.000 km,Otomatik,LPG & Benzin,Hatchback/5,Gri,1596 cc,100 hp,Önden Çekiş,İkinci El,"6,7 lt",55 lt,7 boyalı,Takasa Uygun Değil,Sahibinden,
Sahibinden Fiat Albea Sole 1.3 Multijet Dynamic 2009 Model,"Saltuklu Mh. Aziziye, Erzurum",365.000 TL,22 Temmuz 2025,Fiat,Albea,Sole 1.3 Multijet Dynamic,2009,210.000 km,Düz,Dizel,Sedan,Gri (metalik),1248 cc,70 hp,Önden Çekiş,İkinci El,"4,7 lt",48 lt,Tamamı orjinal,,Sahibinden,
Sahibinden Skoda Fabia 1.2 Classic 2008 Model,"Hüseyin Avni Ulaş Mh. Palandöken, Erzurum",500.000 TL,03 Temmuz 2025,Skoda,Fabia,1.2 Classic,2008,200.000 km,Düz,Benzin,Hatchback/5,Gri (Gümüş),1198 cc,70 hp,Önden Çekiş,İkinci El,,45 lt,Belirtilmemiş,,Sahibinden,
DEĞIŞENSIZ KREDİ KARTI GEÇERLİ,"Sultandere 75. Yıl Mh. Odunpazarı, Eskişehir",1.200.000 TL,20 Ağustos 2025,Volkswagen,Passat,1.6 TDi BlueMotion Trendline,2015,199.123 km,Otomatik,Dizel,Sedan,Beyaz,1401 - 1600 cm3,101 - 125 HP,Önden Çekiş,İkinci El,,,5 boyalı,Takasa Uygun,Galeriden,
Değişensiz Benzinli klimalı 98 Opel Corsa,"Orhangazi Mh. Odunpazarı, Eskişehir",250.000 TL,17 Ağustos 2025,Opel,Corsa,1.4 Swing,1998,245.000 km,Düz,Benzin,Hatchback/5,Yeşil,1389 cc,60 hp,Önden Çekiş,İkinci El,,42 lt,Belirtilmemiş,Takasa Uygun,Sahibinden,
Sahibinden Renault Megane 1.2 TCe Touch 2016 Model,"Batıkent Mh. Tepebaşı, Eskişehir",900.000 TL,13 Ağustos 2025,Renault,Megane,1.2 TCe Touch,2016,90.000 km,Yarı Otomatik,Benzin,Hatchback/5,Beyaz,1198 cc,130 hp,Önden Çekiş,İkinci El,"5,4 lt",47 lt,3 değişen,Takasa Uygun,Sahibinden,
MFT MOTORS S320 4 KOLTUK ISITMA/HAFIZA/VAKUM,"Sultandere 75. Yıl Mh. Odunpazarı, Eskişehir",1.087.500 TL,07 Ağustos 2025,Mercedes - Benz,S,S 320 320,1994,246.150 km,Otomatik,Benzin,Sedan,Siyah,3001 - 3500 cm3,226 - 250 HP,Arkadan İtiş,İkinci El,,,"1 değişen, 9 boyalı",Takasa Uygun,Galeriden,
Sahibinden Peugeot 807 2.2 HDi Executive 2005  otomobil,"Güneş Mh. Şahinbey, Gaziantep",450.000 TL,21 Ağustos 2025,Peugeot,807,2.2 HDi Executive,2005,242.000 km,Düz,Dizel,MPV,Gri (metalik),2179 cc,132 hp,Önden Çekiş,İkinci El,"7,4 lt",80 lt,2 boyalı,Takasa Uygun Değil,Sahibinden,
AUTONERJİDEN 2016 SEAT LEON 1.2 TSI STYLE Camtvn+Alcantara+Led,"Osmangazi Mh. Şehitkamil, Gaziantep",1.275.000 TL,20 Ağustos 2025,Seat,Leon,1.2 TSI Style,2016,108.000 km,Otomatik,Benzin,Hatchback/5,Beyaz,1200 cm3' e kadar,101 - 125 HP,Önden Çekiş,İkinci El,,,Belirtilmemiş,Takasa Uygun,Galeriden,
SERVİS BAKIMLI 2022 SKODA OCTAVİA 1.0 TSI e-TEC ELİTE KM:265BİN,"Ertuğrulgazi Mh. Şahinbey, Gaziantep",1.090.000 TL,19 Ağustos 2025,Skoda,Octavia,1.0 e-Tec Elite,2022,265.000 km,Otomatik,Hibrit,Sedan,Gri,1200 cm3' e kadar,101 - 125 HP,Önden Çekiş,İkinci El,,,Tamamı orjinal,Takasa Uygun Değil,Galeriden,
HATASIZ AYARINDA STYLE,"Karacaahmet Mh. Şehitkamil, Gaziantep",799.999 TL,17 Ağustos 2025,Ford,Focus,1.6 TDCi Style,2017,265.000 km,Düz,Dizel,Sedan,Gri,1560 cc,115 hp,Önden Çekiş,İkinci El,"4,5 lt",55 lt,2 boyalı,Takasa Uygun Değil,Galeriden,
CEYLAN'DAN 2014 BMW 3.16İ M SPORT DEĞİŞENSİZ/HAYALET/NBT/HARMAN,"Hacısiyam Mh. Merkez, Giresun",1.525.000 TL,13 Ağustos 2025,BMW,3 Serisi,316i M Sport,2014,151.000 km,Otomatik,Benzin,Sedan,Siyah,1401 - 1600 cm3,126 - 150 HP,Arkadan İtiş,İkinci El,,,Belirtilmemiş,Takasa Uygun,Galeriden,4.0
Sahibinden Opel Astra 1.6 CDTI Design 2016 Model,"Teyyaredüzü Mh. Merkez, Giresun",930.000 TL,30 Haziran 2025,Opel,Astra,1.6 CDTI Design,2016,115.000 km,Otomatik,Dizel,Hatchback/5,Mavi,1598 cc,136 hp,Önden Çekiş,İkinci El,,52 lt,"3 değişen, 2 boyalı",Takasa Uygun,Sahibinden,
Sahibinden Opel Astra 1.6 CDTI Sport 2015 Model,"Bulak Mh. Merkez, Hakkari",665.000 TL,05 Temmuz 2025,Opel,Astra,1.6 CDTI Sport,2015,192.000 km,Düz,Dizel,Sedan,Beyaz,1598 cc,136 hp,Önden Çekiş,İkinci El,"4,2 lt",56 lt,"1 değişen, 6 boyalı",,Sahibinden,
Sahibinden Renault Fluence 1.5 dCi Touch 2015 Model,"Madenli Mh. Arsuz, Hatay",655.000 TL,19 Ağustos 2025,Renault,Fluence,1.5 dCi Touch,2015,220.000 km,Yarı Otomatik,Dizel,Sedan,Beyaz,1461 cc,110 hp,Önden Çekiş,İkinci El,"4,4 lt",60 lt,Belirtilmemiş,,Sahibinden,
"DENİZ OTOMOTİVDEN SATLIK 1,4 DİZEL STATİON WAGON PEUGEOT","Yıldırım Beyazıt Mh. Payas, Hatay",250.000 TL,16 Ağustos 2025,Peugeot,206,1.4 HDi X-line,2005,240.000 km,Düz,Dizel,Station wagon,Bordo,1398 cc,69 hp,Önden Çekiş,İkinci El,"4,4 lt",50 lt,Tamamı orjinal,Takasa Uygun,Galeriden,
Sahibinden Renault Megane 1.5 Blue DCI Icon 2020 Model,"Cumhuriyet Mh. Kumlu, Hatay",1.450.000 TL,13 Ağustos 2025,Renault,Megane,1.5 Blue DCI Icon,2020,102.000 km,Yarı Otomatik,Dizel,Sedan,Beyaz,1461 cc,115 hp,Önden Çekiş,İkinci El,"4,2 lt",49 lt,3 boyalı,Takasa Uygun Değil,Sahibinden,
Galeriden Honda Accord 2.0 EX 1990 Model Hatay,"Yıldırım Beyazıt Mh. Payas, Hatay",250.000 TL,08 Ağustos 2025,Honda,Accord,2.0 EX,1990,386.000 km,Düz,LPG & Benzin,Sedan,Mavi,1997 cc,110 hp,Önden Çekiş,İkinci El,,65 lt,Belirtilmemiş,Takasa Uygun,Galeriden,
Sahibinden Toyota Corolla 1.33 Life 2017 Model,"Emre Mh. Merkez, Isparta",980.000 TL,14 Ağustos 2025,Toyota,Corolla,1.33 Life,2017,93.600 km,Düz,Benzin,Sedan,Gri (titanyum),1329 cc,99 hp,Önden Çekiş,İkinci El,"5,8 lt",55 lt,1 boyalı,Takasa Uygun,Sahibinden,
Sahibinden Hyundai Getz 1.5 VGT Start 2009 Model Isparta,"Merkez Merkez, Isparta",300.000 TL,01 Ağustos 2025,Hyundai,Getz,1.5 VGT Start,2009,292.000 km,Düz,Dizel,Hatchback/5,Gri (metalik),1493 cc,88 hp,Önden Çekiş,İkinci El,"4,5 lt",45 lt,"2 değişen, 10 boyalı",,Sahibinden,
Sahibinden Volkswagen Golf 1.6 Comfortline 1999 Model,"Dere Mh. Merkez, Isparta",345.000 TL,02 Temmuz 2025,Volkswagen,Golf,1.6 Comfortline,1999,337.000 km,Düz,LPG & Benzin,Hatchback/5,Lacivert,1595 cc,101 hp,Önden Çekiş,İkinci El,"7,6 lt",55 lt,Belirtilmemiş,,Sahibinden,
Sahibinden Ford Escort 1.6 CLX 1999 Model  pırılpırıl tertemiz bir araç,"Merkez Mh. Erdemli, Mersin",220.000 TL,20 Ağustos 2025,Ford,Escort,1.6 CLX,1999,99.000 km,Düz,LPG & Benzin,Sedan,Beyaz,1597 cc,90 hp,Önden Çekiş,İkinci El,,55 lt,Belirtilmemiş,-,Sahibinden,
Sahibinden Volvo S40 1.6 2004 Model  417.000 km Bej,"Şehitmustafa Mh. Tarsus, Mersin",330.000 TL,18 Ağustos 2025,Volvo,S40,1.6,2004,417.000 km,Düz,Benzin,Sedan,Bej,1596 cc,100 hp,Önden Çekiş,İkinci El,"7,2 lt",62 lt,Tamamı orjinal,,Sahibinden,
NADARLI OTOMOTİV'den DEĞİŞENSİZ BOYASIZ TRAMERSİZ 73'bin KM,"Alata Mh. Erdemli, Mersin",949.900 TL,15 Ağustos 2025,Opel,Corsa,1.4 Enjoy,2017,73.854 km,Otomatik,Benzin,Hatchback/5,Beyaz,1201 - 1400 cm3,76 - 100 HP,Önden Çekiş,İkinci El,,,Tamamı orjinal,Takasa Uygun,Galeriden,
Sahibinden Volkswagen Golf 1.6 TDi BlueMotion Comfortline 2014 Model,"Akdeniz Mh. Mezitli, Mersin",820.000 TL,12 Ağustos 2025,Volkswagen,Golf,1.6 TDi BlueMotion Comfortline,2014,270.600 km,Yarı Otomatik,Dizel,Hatchback/5,Gri,1598 cc,105 hp,Önden Çekiş,İkinci El,"3,9 lt",50 lt,"1 değişen, 3 boyalı",,Sahibinden,
99 GOLF 1.9 DİZEL DEGİSENSİZ,"Merkez Mh. Sarıyer, İstanbul",420.000 TL,11 Ağustos 2025,Volkswagen,Golf,1.9 TDi Comfortline,1999,260.000 km,Düz,Dizel,Hatchback/5,Mavi,1801 - 2000 cm3,76 - 100 HP,Önden Çekiş,İkinci El,,,Tamamı orjinal,Takasa Uygun Değil,Galeriden,
Sahibinden Opel Insignia 1.6 CDTI Design 2017 Model,"Ulus Mh. Büyükçekmece, İstanbul",1.060.000 TL,21 Ağustos 2025,Opel,Insignia,1.6 CDTI Design,2017,151.000 km,Otomatik,Dizel,Sedan,Beyaz,1598 cc,136 hp,Önden Çekiş,İkinci El,5 lt,70 lt,6 boyalı,,Sahibinden,
"2015CIKIŞ""SIFIR MUAYNELİ""BAKIMLI","Barbaros Hayrettinpaşa Mh. Gaziosmanpaşa, İstanbul",498.500 TL,21 Ağustos 2025,Renault,Fluence,1.5 dCi Touch Plus,2014,300.000 km,Düz,Dizel,Sedan,Beyaz,1461 cc,90 hp,Önden Çekiş,İkinci El,"4,5 lt",60 lt,"1 değişen, 6 boyalı",Takasa Uygun,Galeriden,
UNİQ CARS BOYASIZ TRAMERSİZ 2022 FİAT 500 DOLCEVİTA CABRİO,"Eyüp Sultan Mh. Sancaktepe, İstanbul",935.000 TL,21 Ağustos 2025,Fiat,500 Ailesi,500 1.0 Hybrid Dolcevita,2022,10.800 km,Düz,Hibrit,Cabrio,Gri,1200 cm3' e kadar,51 - 75 HP,Önden Çekiş,İkinci El,,,Tamamı orjinal,Takasa Uygun Değil,Galeriden,
Sahibinden Honda Civic 1.6 i-VTEC ECO Elegance 2020 Model,"Örnekköy Mh. Karşıyaka, İzmir",1.525.000 TL,21 Ağustos 2025,Honda,Civic,1.6 i-VTEC ECO Elegance,2020,75.500 km,Yarı Otomatik,LPG & Benzin,Sedan,Füme,1597 cc,125 hp,Önden Çekiş,İkinci El,"6,3 lt",46 lt,Belirtilmemiş,Takasa Uygun Değil,Sahibinden,
beyaz melek golf hatasız boyasız değişen siz yazınız mesaj atın konuşalım,"Mehmet Akif Ersoy Mh. Kemalpaşa, İzmir",1.315.000 TL,20 Ağustos 2025,Volkswagen,Golf,1.6 TDi BlueMotion Comfortline,2019,181.000 km,Yarı Otomatik,Dizel,Hatchback/5,Beyaz,1598 cc,110 hp,Önden Çekiş,İkinci El,"3,9 lt",50 lt,Tamamı orjinal,Takasa Uygun Değil,Sahibinden,
Sahibinden Opel Astra 1.3 CDTI Sport 2012 Model Sunrooflu,"Muratbey Mh. Torbalı, İzmir",650.000 TL,19 Ağustos 2025,Opel,Astra,1.3 CDTI Sport,2012,234.000 km,Düz,Dizel,Hatchback/5,Beyaz,1248 cc,95 hp,Önden Çekiş,İkinci El,"4,1 lt",56 lt,"1 değişen, 4 boyalı",,Sahibinden,
ÇELİK AUTO'DAN 2014 MODEL 1.6 DİZEL JETTA TERTEMİZ YENİ KASA,"Belenbaşı Mh. Buca, İzmir",825.000 TL,19 Ağustos 2025,Volkswagen,Jetta,1.6 TDi Trendline,2014,190.000 km,Düz,Dizel,Sedan,Lacivert,1401 - 1600 cm3,101 - 125 HP,Önden Çekiş,İkinci El,,,Tamamı orjinal,Takasa Uygun,Galeriden,5.0
HATASIZ-SUNROOFLU-BULUNMAZ HİNT KUMAŞI MEGANE II,"Şehitler Mh. Merkez, Kars",450.000 TL,08 Temmuz 2025,Renault,Megane,1.6 Dynamique,2004,272.000 km,Düz,LPG & Benzin,Hatchback/5,Gri (Gümüş),1598 cc,115 hp,Önden Çekiş,İkinci El,,60 lt,Belirtilmemiş,,Sahibinden,
-MGÖKKOL AUTO'DAN- DEĞİŞENSİZ- BOYASIZ- 230.000 KM-2005 MODEL FOCUS,"Merkez Tosya, Kastamonu",580.000 TL,06 Ağustos 2025,Ford,Focus,1.6 Collection,2005,233.000 km,Düz,LPG & Benzin,Sedan,Beyaz,1596 cc,100 hp,Önden Çekiş,İkinci El,"6,8 lt",55 lt,Belirtilmemiş,Takasa Uygun,Galeriden,
2003 Corsa klimalı,"Yıldırım Beyazıt Mh. Melikgazi, Kayseri",235.000 TL,04 Ağustos 2025,Opel,Corsa,1.7 DTi Comfort,2003,310.000 km,Düz,Dizel,Hatchback/3,Beyaz,1686 cc,75 hp,Önden Çekiş,İkinci El,"4,7 lt",44 lt,"2 değişen, 8 boyalı",Takasa Uygun,Galeriden,
İNCAR GROUPTAN \ 2024 SKODA SCALA 1.0TSİ PREMİUM DSG HATASIZ,"Anbar Mh. Melikgazi, Kayseri",1.718.750 TL,20 Ağustos 2025,Skoda,Scala,1.0 TSI Premium,2024,6.050 km,Yarı Otomatik,Benzin,Hatchback/5,Beyaz,999 cc,110 hp,Önden Çekiş,İkinci El,"4,8 lt",50 lt,Tamamı orjinal,Takasa Uygun Değil,Galeriden,
GERİ GÖRÜŞ&AYNA KATLAMA&OTOMATİK,"Merkez Yahyalı, Kayseri",945.000 TL,19 Ağustos 2025,Toyota,Corolla,1.4 D-4D Touch,2018,202.000 km,Otomatik,Dizel,Sedan,Beyaz,1201 - 1400 cm3,76 - 100 HP,Önden Çekiş,İkinci El,,,5 boyalı,Takasa Uygun Değil,Galeriden,
Sahibinden Ford Fiesta 1.5 TDCi Titanium X 2013 Model,"Yıldızevler Mh. Kocasinan, Kayseri",625.000 TL,17 Ağustos 2025,Ford,Fiesta,1.5 TDCi Titanium X,2013,207.750 km,Düz,Dizel,Hatchback/5,Siyah,1498 cc,75 hp,Önden Çekiş,İkinci El,"3,7 lt",42 lt,Tamamı orjinal,Takasa Uygun Değil,Sahibinden,
Sahibinden Mercedes - Benz C 180 Avantgarde 2013 Model,"Gazikemal Mh. Babaeski, Kırklareli",1.300.000 TL,19 Ağustos 2025,Mercedes - Benz,C,C 180 Avantgarde,2013,174.000 km,Otomatik,Benzin,Sedan,Beyaz,,,,İkinci El,,,1 boyalı,,Sahibinden,
Sahibinden Peugeot 307 1.4 HDi XR 2003 Model,"Kurtuluş Mh. Lüleburgaz, Kırklareli",330.000 TL,16 Temmuz 2025,Peugeot,307,1.4 HDi XR,2003,274.000 km,Düz,Dizel,Hatchback/5,Beyaz,1398 cc,69 hp,Önden Çekiş,İkinci El,"4,5 lt",60 lt,2 boyalı,,Sahibinden,
Sahibinden Ford Focus 1.6 TDCi Trend X 2011 Model,"Müderris Mh. Kaman, Kırşehir",625.000 TL,12 Ağustos 2025,Ford,Focus,1.6 TDCi Trend X,2011,244.000 km,Düz,Dizel,Sedan,Gri,1560 cc,110 hp,Önden Çekiş,İkinci El,"4,8 lt",55 lt,2 boyalı,Takasa Uygun,Sahibinden,
HATASIZ BOYASIZ OTOMATİK VİTES CİTROEN C3,"Kındam Mh. Merkez, Kırşehir",1.160.000 TL,29 Haziran 2025,Citroen,C3,1.2 PureTech Shine,2023,45.000 km,Otomatik,Benzin,Hatchback/5,Gri,1200 cm3' e kadar,101 - 125 HP,Önden Çekiş,İkinci El,,,Tamamı orjinal,Takasa Uygun,Galeriden,
2022 RENAULT CLIO 1.0 JOY X-TRONIC,"İstasyon Mh. Gebze, Kocaeli",1.025.000 TL,20 Ağustos 2025,Renault,Clio,1.0 SCe Joy,2022,65.478 km,Otomatik,Benzin,Hatchback/3,Beyaz,999 cc,90 hp,Önden Çekiş,İkinci El,,,Tamamı orjinal,Takasa Uygun Değil,Yetkili Bayiden,
2021 MODEL COROLLA 1.5 DREAM OTOMATİK HSR KAYITSIZ 109 BİN KM DE,"Adem Yavuz Mh. Gebze, Kocaeli",1.175.000 TL,19 Ağustos 2025,Toyota,Corolla,1.5 Dream,2021,109.000 km,Otomatik,Benzin,Sedan,Beyaz,1401 - 1600 cm3,101 - 125 HP,Önden Çekiş,İkinci El,,,5 boyalı,Takasa Uygun,Galeriden,
Sahibinden Renault R 9 1.4 Broadway 1990 Model,"Ataevler Mh. Kartepe, Kocaeli",195.000 TL,17 Ağustos 2025,Renault,R 9,1.4 Broadway,1990,303.000 km,Düz,LPG & Benzin,Sedan,Gri (metalik),1390 cc,83 hp,Önden Çekiş,İkinci El,,47 lt,Belirtilmemiş,,Sahibinden,
Galeriden Renault Scenic 1.5 dCi Privilege 2012 Model Kocaeli,"Yeşilyurt Mh. Başiskele, Kocaeli",765.000 TL,15 Ağustos 2025,Renault,Scenic,1.5 dCi Privilege,2012,217.000 km,Yarı Otomatik,Dizel,MPV,Siyah,1461 cc,110 hp,Önden Çekiş,İkinci El,5 lt,60 lt,Belirtilmemiş,Takasa Uygun,Galeriden,
AĞIRLAR ANIL OTOMOTİV'DEN VOLKSWAGEN POLO 2014 TDI.,"Ziya Gökalp Mh. Ereğli, Konya",675.000 TL,21 Ağustos 2025,Volkswagen,Polo,1.2 TDi Trendline,2014,259.085 km,Düz,Dizel,Hatchback/5,Beyaz,1199 cc,75 hp,Önden Çekiş,İkinci El,"3,8 lt",45 lt,Tamamı orjinal,Takasa Uygun Değil,Galeriden,
2013 MODEL DEĞİŞENSİZ BAKIMLI ASTRA 1.6 ESSENTİA KONFOR,"Merkez Selçuklu, Konya",565.750 TL,20 Ağustos 2025,Opel,Astra,1.6 Essentia Konfor,2013,183.500 km,Düz,Benzin,Hatchback/5,Gri,1598 cc,115 hp,Önden Çekiş,İkinci El,"6,5 lt",52 lt,2 boyalı,Takasa Uygun,Galeriden,
2021 Boyasız ! 132.000 Km COROLLA DREAM 1.8HYBRİT e-CVT+%20KDVli,"Fevziçakmak Mh. Karatay, Konya",1.315.000 TL,19 Ağustos 2025,Toyota,Corolla,1.8 Hybrid Dream,2021,132.000 km,Otomatik,Hibrit,Sedan,Bej,1601 - 1800 cm3,101 - 125 HP,Önden Çekiş,İkinci El,,,Tamamı orjinal,Takasa Uygun Değil,Galeriden,
Sahibinden Toyota Yaris 1.0 Life 2016 Model,"Barbaros Mh. Ereğli, Konya",735.000 TL,17 Ağustos 2025,Toyota,Yaris,1.0 Life,2016,92.000 km,Düz,Benzin,Hatchback/5,Beyaz,998 cc,69 hp,Önden Çekiş,İkinci El,"4,3 lt",42 lt,Belirtilmemiş,,Sahibinden,
DEĞİŞENSİZ 2013 160 lık BEETLE DSG+SUNROOF,"Çukurköy Mh. Tavşanlı, Kütahya",1.015.000 TL,19 Ağustos 2025,Volkswagen,New Beetle,1.4 TSi Design,2013,186.000 km,Otomatik,Benzin,Hatchback/3,Kırmızı,1201 - 1400 cm3,151 - 175 HP,Önden Çekiş,İkinci El,,,5 boyalı,Takasa Uygun,Galeriden,
KENT AUTO'DAN*KARTA 12 TAKSİT*BOYASIZ 2014 137BİNDE ASTRA,"Kavaklı Mh. Tavşanlı, Kütahya",769.000 TL,14 Ağustos 2025,Opel,Astra,1.6 Edition,2014,137.000 km,Düz,Benzin,Hatchback/5,Beyaz,1401 - 1600 cm3,101 - 125 HP,Önden Çekiş,İkinci El,,,Tamamı orjinal,Takasa Uygun,Galeriden,
SAHİBİNDEN TEMİZ LADA SAMARA MASRAFSIZ,"Fuatpaşa Mh. Merkez, Kütahya",105.000 TL,09 Ağustos 2025,Lada,Samara,1.5,1993,200.000 km,Düz,Benzin,Hatchback/5,Kırmızı,1499 cc,68 hp,Önden Çekiş,İkinci El,,45 lt,6 boyalı,Takasa Uygun Değil,Galeriden,
Değişensiz düşük kilometreli fiesta (OTOMOBİLDEN),"Uluoymak Mh. Gediz, Kütahya",460.000 TL,25 Temmuz 2025,Ford,Fiesta,1.4 Comfort,2006,165.000 km,Otomatik,Benzin,Hatchback/5,Beyaz,1388 cc,80 hp,Önden Çekiş,İkinci El,"6,3 lt",45 lt,6 boyalı,Takasa Uygun Değil,Galeriden,
Sahibinden Fiat Tempra 1.6 SX A 1996 Model,"B. Mustafa Paşa Mh. Battalgazi, Malatya",215.000 TL,17 Ağustos 2025,Fiat,Tempra,1.6 SX A,1996,100.000 km,Düz,LPG & Benzin,Sedan,Beyaz,1581 cc,90 hp,Önden Çekiş,İkinci El,,65 lt,Belirtilmemiş,,Sahibinden,
ÖZKANLAR'DAN 2011 MODEL CİTROEN C3 1.4HDİ CONFORT ORJİNAL,"Hoca Ahmet Yesevi Mh. Yeşilyurt, Malatya",560.000 TL,09 Ağustos 2025,Citroen,C3,1.4 HDi Confort,2011,128.000 km,Düz,Dizel,Hatchback/5,Siyah,1201 - 1400 cm3,51 - 75 HP,Önden Çekiş,İkinci El,,,Tamamı orjinal,Takasa Uygun Değil,Galeriden,
Sahibinden Ford Focus 1.5 TDCi Trend X 2020 Model,"Balaban Mh. Darende, Malatya",1.150.000 TL,28 Temmuz 2025,Ford,Focus,1.5 TDCi Trend X,2020,185.000 km,Otomatik,Dizel,Sedan,Gri (Gümüş),1500 cc,120 hp,Önden Çekiş,İkinci El,"4,3 lt",47 lt,Belirtilmemiş,Takasa Uygun Değil,Sahibinden,
Sahibinden Audi A3 Sedan 1.6 TDI S Line 2014 Model,"Tecde Mh. Yeşilyurt, Malatya",1.140.000 TL,12 Temmuz 2025,Audi,A3,A3 Sedan 1.6 TDI S Line,2014,258.000 km,Yarı Otomatik,Dizel,Sedan,Beyaz,1598 cc,110 hp,Önden Çekiş,İkinci El,"3,9 lt",50 lt,Belirtilmemiş,Takasa Uygun,Sahibinden,
DEGİŞENSİZ HATASIZ BOYASIZ,"Beşeylül Mh. Salihli, Manisa",715.000 TL,19 Ağustos 2025,Peugeot,208,1.2 PureTech Active,2014,100.425 km,Otomatik,Benzin,Hatchback/5,Beyaz,1200 cm3' e kadar,76 - 100 HP,Önden Çekiş,İkinci El,,,Tamamı orjinal,Takasa Uygun,Galeriden,
KARAPINAR OTOMOTİV DEN 2019 EGEA 1.4 EASY HATASIZ,"Şair Eşref Mh. Kırkağaç, Manisa",750.000 TL,15 Ağustos 2025,Fiat,Egea,1.4 Fire Easy,2019,77.000 km,Düz,Benzin,Sedan,Beyaz,1201 - 1400 cm3,76 - 100 HP,Önden Çekiş,İkinci El,,,Belirtilmemiş,Takasa Uygun,Galeriden,
Sahibinden Volkswagen Golf 1.6 Comfortline 2001 Model,"Muradiye Mh. Yunusemre, Manisa",490.000 TL,10 Ağustos 2025,Volkswagen,Golf,1.6 Comfortline,2001,205.000 km,Düz,LPG & Benzin,Hatchback/5,Gri (Gümüş),1595 cc,105 hp,Önden Çekiş,İkinci El,"6,8 lt",55 lt,Belirtilmemiş,Takasa Uygun,Sahibinden,
Sahibinden Opel Vectra 1.6 Comfort 2004 Model,"Uncubozköy Mh. Yunusemre, Manisa",480.000 TL,04 Ağustos 2025,Opel,Vectra,1.6 Comfort,2004,483.000 km,Düz,LPG & Benzin,Sedan,Gri (Gümüş),1598 cc,100 hp,Önden Çekiş,İkinci El,"7,5 lt",61 lt,Belirtilmemiş,Takasa Uygun,Sahibinden,
Sahibinden Toyota Corolla 1.6 XL 1990 Model,"Efsus Turan Mh. Afşin, Kahramanmaraş",215.000 TL,19 Ağustos 2025,Toyota,Corolla,1.6 XL,1990,388.000 km,Düz,LPG & Benzin,Sedan,Füme,1587 cc,95 hp,Önden Çekiş,İkinci El,,50 lt,Tamamı orjinal,Takasa Uygun Değil,Sahibinden,
B'S MOTORS ÖZEL BURMESTER-KLTK ISIT SOĞUT MASAJ-360-MULTİBEAM,"Şehit Abdullah Çavuş Mh. Onikişubat, Kahramanmaraş",4.475.000 TL,16 Ağustos 2025,Mercedes - Benz,E,200 d AMG,2021,80.000 km,Otomatik,Dizel,Sedan,Siyah,1401 - 1600 cm3,151 - 175 HP,Arkadan İtiş,İkinci El,,,Tamamı orjinal,Takasa Uygun,Galeriden,
Acil Satlık Tertemiz Fırsat Aracı,"Alpaslan Mh. Afşin, Kahramanmaraş",309.500 TL,12 Ağustos 2025,Toyota,Starlet,1.3 XLi Plus,1998,108.000 km,Düz,Benzin,Hatchback/5,Yeşil,1332 cc,75 hp,Önden Çekiş,İkinci El,"7,2 lt",45 lt,3 boyalı,,Sahibinden,
2011 TOYOTA AVANSİS ELEGANT EXTRA 165.XXXKM'de LPG'li CAMM GİBİ,"Orhangazi Mh. Elbistan, Kahramanmaraş",830.000 TL,07 Ağustos 2025,Toyota,Avensis,1.6 Elegant Extra,2011,166.500 km,Düz,Benzin,Sedan,Beyaz,1598 cc,132 hp,Önden Çekiş,İkinci El,"6,6 lt",60 lt,2 boyalı,Takasa Uygun,Galeriden,
Sahibinden Renault Fluence 1.5 dCi Icon 2015 Model,"Akçakaya Mh. Midyat, Mardin",600.000 TL,11 Ağustos 2025,Renault,Fluence,1.5 dCi Icon,2015,310.000 km,Yarı Otomatik,Dizel,Sedan,Siyah,1461 cc,110 hp,Önden Çekiş,İkinci El,"4,4 lt",60 lt,Belirtilmemiş,,Sahibinden,
Acil 1.6 otomatik plus paket açıklamayı okuyun,"13 Mart Mh. Artuklu, Mardin",895.000 TL,22 Temmuz 2025,Fiat,Egea,1.6 Multijet Easy Plus,2019,168.200 km,Yarı Otomatik,Dizel,Sedan,Beyaz,1598 cc,120 hp,Önden Çekiş,İkinci El,"3,9 lt",45 lt,Belirtilmemiş,Takasa Uygun Değil,Sahibinden,
SEBA OTOMOTİVDEN 2008 CLİO SYMBOL 1.4 AUTHENTİQUE,"Yalıkavak Mh. Bodrum, Muğla",357.000 TL,21 Ağustos 2025,Renault,Clio,1.4 Authentique,2008,265.000 km,Düz,Benzin,Sedan,Gri,1201 - 1400 cm3,51 - 75 HP,Önden Çekiş,İkinci El,,,"4 değişen, 5 boyalı",Takasa Uygun,Galeriden,
Sahibinden MINI Cooper 1.6 Türkiye Paketi 2004 Model,"Altıntas Mh. Dalaman, Muğla",465.000 TL,17 Ağustos 2025,Mini,Cooper,1.6 Türkiye Paketi,2004,260.000 km,Düz,LPG & Benzin,Hatchback/3,Mavi (metalik),1598 cc,115 hp,Önden Çekiş,İkinci El,"6,7 lt",50 lt,3 boyalı,,Sahibinden,
CANER GRUPTAN 2018 HYUNDAI İ 20 dizel 120.000 km de,"Foça Mh. Fethiye, Muğla",869.950 TL,12 Ağustos 2025,Hyundai,i20,1.4 CRDi Style,2018,119.000 km,Düz,Dizel,Hatchback/5,Kırmızı,1201 - 1400 cm3,76 - 100 HP,Önden Çekiş,İkinci El,,,3 boyalı,Takasa Uygun,Galeriden,
Sahibinden Kia Rio 1.25 CVVT Natty 2012 Model,"Gökova Mh. Ula, Muğla",450.000 TL,05 Ağustos 2025,Kia,Rio,1.25 CVVT Natty,2012,250.000 km,Düz,Benzin,Hatchback/5,Siyah,1248 cc,85 hp,Önden Çekiş,İkinci El,"5,1 lt",43 lt,Belirtilmemiş,,Sahibinden,
Sahibinden Hatasız Hyundai Accent Era 1.5 CRDi Mode 2011 Model,"Sunay Mh. Hasköy, Muş",510.000 TL,13 Ağustos 2025,Hyundai,Accent Era,1.5 CRDi Mode,2011,268.000 km,Düz,Dizel,Sedan,Gri (metalik),1493 cc,110 hp,Önden Çekiş,İkinci El,"4,6 lt",45 lt,Tamamı orjinal,Takasa Uygun Değil,Sahibinden,
Sahibinden Volkswagen Polo 1.4 Basicline 2004 Model,"Cevher Dudayev Mh. Merkez, Nevşehir",399.999 TL,16 Ağustos 2025,Volkswagen,Polo,1.4 Basicline,2004,160.000 km,Otomatik,Benzin,Hatchback/5,Mavi,1390 cc,75 hp,Önden Çekiş,İkinci El,"7,4 lt",45 lt,"2 değişen, 7 boyalı",,Sahibinden,
Sahibinden Hyundai Getz 1.5 CRDi VGT 2005 Model,"2000 Evler Mh. Merkez, Nevşehir",350.000 TL,19 Temmuz 2025,Hyundai,Getz,1.5 CRDi VGT,2005,245.000 km,Düz,Dizel,Hatchback/5,Gri (Gümüş),1493 cc,88 hp,Önden Çekiş,İkinci El,"4,5 lt",45 lt,Belirtilmemiş,,Sahibinden,
"""SOYLU""Boyasz-2016-5.20i-Hayalt-Vakum-Nbt-Harman-E.Bgj-102.oooKm","Harım Mh. Bor, Niğde",2.188.000 TL,20 Ağustos 2025,BMW,5 Serisi,520i Executive Luxury Line,2016,102.000 km,Otomatik,Benzin,Sedan,Beyaz,1401 - 1600 cm3,151 - 175 HP,Arkadan İtiş,İkinci El,,,Tamamı orjinal,Takasa Uygun,Galeriden,
KENDİRLİ AUTO AUDI A4 SEDAN DYNAMIC HAYALET CAM TAVAN BOYASIZ,"İlhanlı Mh. Merkez, Niğde",1.675.000 TL,07 Ağustos 2025,Audi,A4,A4 Sedan 1.4 TFSI Dynamic,2015,175.000 km,Otomatik,Benzin,Sedan,Gri,1201 - 1400 cm3,126 - 150 HP,Önden Çekiş,İkinci El,,,Tamamı orjinal,Takasa Uygun,Galeriden,
Sahibinden Volkswagen Polo 1.2 TDi BlueMotion 2012 Model,"Efendibey Mh. Merkez, Niğde",595.000 TL,27 Haziran 2025,Volkswagen,Polo,1.2 TDi BlueMotion,2012,306.000 km,Düz,Dizel,Hatchback/5,Mavi (metalik),1199 cc,75 hp,Önden Çekiş,İkinci El,,45 lt,1 boyalı,,Sahibinden,
Galeriden BMW 1 Serisi 116i M Sport 2016 Model Ordu,"Fevzi Çakmak Mh. Ünye, Ordu",1.275.000 TL,15 Ağustos 2025,BMW,1 Serisi,116i M Sport,2016,192.000 km,Otomatik,Benzin,Hatchback/5,Mavi,1401 - 1600 cm3,126 - 150 HP,Arkadan İtiş,İkinci El,,,2 boyalı,Takasa Uygun Değil,Galeriden,
Sahibinden Peugeot 307 1.6 Pack 2004 Model,"Fatih Mh. Fatsa, Ordu",425.000 TL,03 Ağustos 2025,Peugeot,307,1.6 Pack,2004,218.122 km,Düz,Benzin,Hatchback/5,Yeşil (metalik),1587 cc,110 hp,Önden Çekiş,İkinci El,"7,2 lt",60 lt,7 boyalı,,Sahibinden,
Sahibinden Peugeot 206+ 1.4 Urban Move 2012 Model Ordu,"Merkez Ünye, Ordu",425.000 TL,08 Temmuz 2025,Peugeot,206+,1.4 Urban Move,2012,82.000 km,Düz,Benzin,Hatchback/5,Siyah,1360 cc,76 hp,Önden Çekiş,İkinci El,"6,3 lt",50 lt,"1 değişen, 6 boyalı",,Sahibinden,
Sahibinden Mercedes - Benz CLA 180 D AMG 2016 Model,"Eminettin Mh. Merkez, Rize",1.900.000 TL,10 Ağustos 2025,Mercedes - Benz,CLA,180 D AMG,2016,73.000 km,Otomatik,Dizel,Coupe,Beyaz,1461 cc,109 hp,Önden Çekiş,İkinci El,"3,8 lt",50 lt,Tamamı orjinal,,Sahibinden,
Sahibinden Tofaş Kartal S 1996 Model,"Paşakuyu Mh. Merkez, Rize",235.000 TL,23 Haziran 2025,Tofaş,Kartal,S,1996,53.000 km,Düz,Benzin,Station wagon,Diğer,,,,İkinci El,,,Belirtilmemiş,,Sahibinden,
Düşük km kuruş masrafı yok çok temiz,"Yalı Mh. Karasu, Sakarya",330.000 TL,19 Ağustos 2025,Chevrolet,Aveo,1.2 SE,2008,186.000 km,Düz,Benzin,Hatchback/5,Kırmızı,1201 - 1400 cm3,76 - 100 HP,Önden Çekiş,İkinci El,,,Tamamı orjinal,Takasa Uygun Değil,Galeriden,
2023 İ20 1.0 T-GDI STYLE HATASIZ 1.29 ORANLA KREDİ İMKANI,"Küpçüler Mh. Erenler, Sakarya",1.240.000 TL,14 Ağustos 2025,Hyundai,i20,1.0 T-GDI Style,2023,39.438 km,Otomatik,Benzin,Hatchback/5,Kırmızı,1200 cm3' e kadar,76 - 100 HP,Önden Çekiş,İkinci El,,,Tamamı orjinal,Takasa Uygun Değil,Galeriden,
DD MOTORS %1.19 ORAN 12 TAKSİT FIRSATI HATASIZ OTOMATİK B 180D,"Şeker Mh. Adapazarı, Sakarya",1.320.000 TL,09 Ağustos 2025,Mercedes - Benz,B,B 180 d Urban,2016,148.000 km,Otomatik,Dizel,Hatchback/5,Siyah,1401 - 1600 cm3,101 - 125 HP,Önden Çekiş,İkinci El,,,Tamamı orjinal,Takasa Uygun Değil,Galeriden,
_2016 Honda Civic 108 Binde_Hatasız Boyasız_Yeni Kasa_Executive_,"Merkez Geyve, Sakarya",1.445.000 TL,02 Ağustos 2025,Honda,Civic,1.6 i-VTEC Eco Executive,2016,108.000 km,Otomatik,Benzin,Sedan,Füme,1401 - 1600 cm3,101 - 125 HP,Önden Çekiş,İkinci El,,,Tamamı orjinal,Takasa Uygun,Galeriden,
KAMER DEN 2019 FİAT EGEA HB 1.6 E-TORQ URBAN PLUS BENZİN OTM.,"Kirazlık Mh. Tekkeköy, Samsun",978.000 TL,19 Ağustos 2025,Fiat,Egea,1.6 E-Torq Urban Plus,2019,89.995 km,Otomatik,Benzin,Hatchback/5,Gri,1401 - 1600 cm3,101 - 125 HP,Önden Çekiş,İkinci El,,,Belirtilmemiş,Takasa Uygun,Yetkili Bayiden,8874.0
2021 PEUGEOT 308 - BOYASIZ - OTOMATİK -CAM TAVAN - 52 BİN KM -,"Toybelen Mh. İlkadım, Samsun",1.210.000 TL,16 Ağustos 2025,Peugeot,308,1.2 PureTech Style Tech,2021,52.000 km,Otomatik,Benzin,Hatchback/5,Beyaz,1200 cm3' e kadar,126 - 150 HP,Önden Çekiş,İkinci El,,,Tamamı orjinal,Takasa Uygun,Galeriden,
Sahibinden BMW 1 Serisi 118i Pure 2017 Model,"Yenimahalle Mh. Atakum, Samsun",1.170.000 TL,13 Ağustos 2025,BMW,1 Serisi,118i Pure,2017,91.000 km,Otomatik,Benzin,Hatchback/5,Beyaz,1499 cc,136 hp,Arkadan İtiş,İkinci El,"5,2 lt",52 lt,1 boyalı,Takasa Uygun Değil,Sahibinden,
Sahibinden Skoda Fabia 1.4 Ambiente Dynamic 2011 Model,"Fevzi Çakmak Mh. İlkadım, Samsun",605.000 TL,08 Ağustos 2025,Skoda,Fabia,1.4 Ambiente Dynamic,2011,133.000 km,Düz,LPG & Benzin,Hatchback/5,Kırmızı,1390 cc,85 hp,Önden Çekiş,İkinci El,"5,9 lt",45 lt,1 boyalı,Takasa Uygun,Sahibinden,
Sahibinden Renault Clio 1.5 dCi Joy 2017 Model,"Gelincik Mh. Merkez, Sinop",665.000 TL,11 Ağustos 2025,Renault,Clio,1.5 dCi Joy,2017,132.000 km,Düz,Dizel,Hatchback/5,Beyaz,1461 cc,75 hp,Önden Çekiş,İkinci El,"3,6 lt",45 lt,"2 değişen, 2 boyalı",Takasa Uygun,Sahibinden,
Sahibinden Toyota Corolla 1.6 Terra 2005 Model,"Kemalpaşa Mh. Suşehri, Sivas",555.000 TL,18 Ağustos 2025,Toyota,Corolla,1.6 Terra,2005,245.000 km,Düz,Benzin,Hatchback/3,Füme,1598 cc,110 hp,Önden Çekiş,İkinci El,7 lt,55 lt,"1 değişen, 7 boyalı",,Sahibinden,
1994 MODEL OPEL ASTRA 1.6 OTOMATİK VİTES,"Gültepe Mh. Merkez, Sivas",278.000 TL,08 Ağustos 2025,Opel,Astra,1.6 GL,1994,233.000 km,Otomatik,Benzin,Hatchback/5,Beyaz,1598 cc,75 hp,Önden Çekiş,İkinci El,,52 lt,2 değişen,Takasa Uygun,Galeriden,
Sahibinden Tofaş Şahin 1.6 1995 Model,"Camiorta Mh. Suşehri, Sivas",195.000 TL,23 Temmuz 2025,Tofaş,Şahin,1.6,1995,200.000 km,Düz,LPG & Benzin,Sedan,Beyaz,,,,İkinci El,,,1 değişen,,Sahibinden,
Memurdan Hatasız Boyasız ilk plakalı İbiza,"Gültekin Mh. Şarkışla, Sivas",695.000 TL,03 Temmuz 2025,Seat,Ibiza,1.4 Reference,2014,156.694 km,Düz,LPG & Benzin,Hatchback/5,Beyaz,1390 cc,85 hp,Önden Çekiş,İkinci El,"5,9 lt",45 lt,Belirtilmemiş,Takasa Uygun,Sahibinden,
Sahibinden Volkswagen Passat 1.6 TDi BlueMotion Comfortline 2014 Model  232.000 km Siyah,"Kızılpınar Mh. Çerkezköy, Tekirdağ",1.225.000 TL,20 Ağustos 2025,Volkswagen,Passat,1.6 TDi BlueMotion Comfortline,2014,232.000 km,Yarı Otomatik,Dizel,Sedan,Siyah,1598 cc,120 hp,Önden Çekiş,İkinci El,4 lt,66 lt,Tamamı orjinal,,Sahibinden,
Ercan otomotiv den audi A4 sedan 1.4 tfsi sport,"Yıldırım Beyazıt Mh. Çerkezköy, Tekirdağ",1.620.000 TL,17 Ağustos 2025,Audi,A4,A4 Sedan 1.4 TFSI Sport,2017,242.000 km,Otomatik,Benzin,Sedan,Gri,1201 - 1400 cm3,126 - 150 HP,Önden Çekiş,İkinci El,,,Tamamı orjinal,Takasa Uygun,Galeriden,8.0
2023 CLİO 1.0 TCE TOUCH MANUEL HATASIZ BOYASIZ TRAMERSZ 72.000KM,"Veliköy Mh. Çerkezköy, Tekirdağ",949.900 TL,13 Ağustos 2025,Renault,Clio,1.0 TCe Touch,2023,72.000 km,Düz,Benzin,Hatchback/5,Beyaz,1200 cm3' e kadar,76 - 100 HP,Önden Çekiş,İkinci El,,,Tamamı orjinal,Takasa Uygun,Galeriden,
Sahibinden Volkswagen VW CC 1.4 TSi 2016 Model  208.000 km Gri (metalik),"Çobançeşme Mh. Çorlu, Tekirdağ",1.125.000 TL,07 Ağustos 2025,Volkswagen,VW CC,1.4 TSi,2016,208.000 km,Yarı Otomatik,Benzin,Coupe,Gri (metalik),1395 cc,150 hp,Önden Çekiş,İkinci El,"5,6 lt",70 lt,3 boyalı,,Sahibinden,
Sahibinden Ford Focus 1.6 TDCi Trend 2008 Model,"Ziyagökalp Mh. Erbaa, Tokat",530.000 TL,17 Ağustos 2025,Ford,Focus,1.6 TDCi Trend,2008,260.000 km,Düz,Dizel,Hatchback/3,Mavi,1560 cc,110 hp,Önden Çekiş,İkinci El,"4,8 lt",55 lt,1 değişen,,Sahibinden,
2004 DEGİŞENSİZ BAKIMLI EMSALSİZ TEMİZLİKTE GÜNEŞ YANIKSIZ,"Mahmutpaşa Mh. Merkez, Tokat",545.000 TL,07 Ağustos 2025,Toyota,Corolla,1.6 Terra,2004,256.000 km,Düz,Benzin,Sedan,Gri,1598 cc,110 hp,Önden Çekiş,İkinci El,"6,5 lt",55 lt,7 boyalı,Takasa Uygun,Galeriden,
Sahibinden Renault Clio 1.5 dCi Authentique 2004 Model,"Alipaşa Mh. Merkez, Tokat",325.000 TL,11 Temmuz 2025,Renault,Clio,1.5 dCi Authentique,2004,266.500 km,Düz,Dizel,Hatchback/5,Bordo,1461 cc,65 hp,Önden Çekiş,İkinci El,"4,9 lt",55 lt,11 boyalı,Takasa Uygun,Sahibinden,
YVZ CARS 2016 4.18i M SPORT-M4FAR-LCI STOP-ISITMA-NBT-COIL-19'',"Söğütlü Mh. Akçaabat, Trabzon",1.915.000 TL,19 Ağustos 2025,BMW,4 Serisi,418i M Sport,2016,102.000 km,Otomatik,Benzin,Coupe,Mavi,1401 - 1600 cm3,126 - 150 HP,Arkadan İtiş,İkinci El,,,Tamamı orjinal,Takasa Uygun,Galeriden,
Sahibinden Peugeot 206 1.4 HDi X-Design 2006 Model,"Sulaklı Mh. Of, Trabzon",315.000 TL,06 Ağustos 2025,Peugeot,206,1.4 HDi X-Design,2006,267.000 km,Düz,Dizel,Hatchback/5,Gri (Gümüş),1398 cc,69 hp,Önden Çekiş,İkinci El,"4,3 lt",50 lt,"2 değişen, 7 boyalı",Takasa Uygun,Sahibinden,
Sahibinden Tofaş Doğan SLX 1994 Model,"Sulaklı Mh. Of, Trabzon",200.000 TL,20 Temmuz 2025,Tofaş,Doğan,SLX,1994,372.000 km,Düz,LPG & Benzin,Sedan,Gri,1581 cc,83 hp,Arkadan İtiş,İkinci El,,50 lt,Belirtilmemiş,,Sahibinden,
Renault Symbol 1.5 dCi 2008 Model,"Sulaklı Mh. Of, Trabzon",355.555 TL,25 Haziran 2025,Renault,Symbol,1.5 dCi Authentique,2008,251.000 km,Düz,Dizel,Sedan,Gri (Gümüş),1461 cc,65 hp,Önden Çekiş,İkinci El,"4,5 lt",50 lt,2 boyalı,,Sahibinden,
Sahibinden Renault Symbol 1.5 dCi Expression 2011 Model,"Akpınar Mh. Karaköprü, Şanlıurfa",410.000 TL,19 Ağustos 2025,Renault,Symbol,1.5 dCi Expression,2011,214.000 km,Düz,Dizel,Sedan,Gri (metalik),1461 cc,65 hp,Önden Çekiş,İkinci El,"4,5 lt",50 lt,"3 değişen, 4 boyalı",Takasa Uygun Değil,Sahibinden,
Yer uçağı satışda,"Karadut Mh. Suruç, Şanlıurfa",440.000 TL,14 Ağustos 2025,Volkswagen,Passat,2.0 TDi Comfortline,2006,455.000 km,Otomatik,Dizel,Sedan,Gri,1801 - 2000 cm3,126 - 150 HP,Önden Çekiş,İkinci El,,,Tamamı orjinal,Takasa Uygun,Galeriden,18.0
ACİLL UYGUN FİYAT YETİŞEN ALIR!!!,"Ayvanat Mh. Siverek, Şanlıurfa",1.095.000 TL,09 Ağustos 2025,BMW,3 Serisi,320d xDrive Sport Line,2013,260.000 km,Otomatik,Dizel,Sedan,Beyaz,1995 cc,184 hp,4WD (Sürekli),İkinci El,"4,7 lt",57 lt,Tamamı orjinal,Takasa Uygun Değil,Galeriden,60000.0
TERTEMİZ YAKIT CİMRİSİ AİLE ARACI,"Narlıkuyu Mh. Karaköprü, Şanlıurfa",340.000 TL,30 Temmuz 2025,Hyundai,Getz,1.3 GLS,2005,277.500 km,Düz,LPG & Benzin,Hatchback/5,Diğer,1341 cc,82 hp,Önden Çekiş,İkinci El,"6,2 lt",45 lt,4 boyalı,,Sahibinden,
CANCAR AUTOLİFE MB C 180 BLUEEFFICIENCY AMG 7G-TRONİC HATASIZ,"Sarayaltı Mh. Merkez, Uşak",1.285.000 TL,14 Ağustos 2025,Mercedes - Benz,C,C 180 BlueEFFICIENCY AMG,2011,258.000 km,Otomatik,Benzin,Sedan,Beyaz,1601 - 1800 cm3,151 - 175 HP,Arkadan İtiş,İkinci El,,,Belirtilmemiş,Takasa Uygun,Galeriden,
Kalkan Otomotivden Opel Vectra 2007 model,"Fevzi Çakmak Mh. Merkez, Uşak",490.000 TL,13 Temmuz 2025,Opel,Vectra,1.6 Comfort,2007,308.000 km,Düz,Benzin,Sedan,Gri,1598 cc,105 hp,Önden Çekiş,İkinci El,"6,9 lt",61 lt,"1 değişen, 12 boyalı",Takasa Uygun,Galeriden,
"3. sahibiyim, 17 yıldır kullanıyorum....","Vali Mithat Bey Mh. İpekyolu, Van",340.000 TL,17 Ağustos 2025,Toyota,Corolla,1.6 XLi,1998,207.000 km,Düz,LPG & Benzin,Sedan,Bordo,1587 cc,105 hp,Önden Çekiş,İkinci El,,50 lt,2 değişen,,Sahibinden,
Sahibinden Volkswagen Passat 1.4 TSi BlueMotion Comfortline 2015 Model,"İstasyon Mh. Tuşba, Van",1.170.000 TL,08 Ağustos 2025,Volkswagen,Passat,1.4 TSi BlueMotion Comfortline,2015,179.500 km,Düz,Benzin,Sedan,Beyaz,1395 cc,125 hp,Önden Çekiş,İkinci El,"5,3 lt",66 lt,5 boyalı,-,Sahibinden,
Sahibinden Fiat Egea 1.4 Fire Urban Plus 2020 Model,"Eminpaşa Mh. Edremit, Van",745.000 TL,23 Temmuz 2025,Fiat,Egea,1.4 Fire Urban Plus,2020,87.000 km,Düz,LPG & Benzin,Sedan,Beyaz,1368 cc,95 hp,Önden Çekiş,İkinci El,"5,7 lt",45 lt,Tamamı orjinal,Takasa Uygun,Sahibinden,
Sahibinden Mercedes - Benz 200 E 1990 Model,"Erdemkent Mh. Edremit, Van",315.000 TL,02 Temmuz 2025,Mercedes - Benz,200,E,1990,375.000 km,Düz,LPG & Benzin,Sedan,Siyah,1997 cc,118 hp,Arkadan İtiş,İkinci El,,70 lt,Belirtilmemiş,,Sahibinden,
Sahibinden Opel Vectra 2.0 GL 1993 Model,"Yenidoğan Mh. Sorgun, Yozgat",250.000 TL,16 Ağustos 2025,Opel,Vectra,2.0 GL,1993,345.000 km,Düz,LPG & Benzin,Sedan,Beyaz,1998 cc,115 hp,Önden Çekiş,İkinci El,,,Belirtilmemiş,,Sahibinden,
Sahibinden Ford Fiesta 1.4 Comfort TDCİ 2006 Model,"Hanbaşı Mh. Sorgun, Yozgat",370.000 TL,04 Ağustos 2025,Ford,Fiesta,1.4 Comfort,2006,225.000 km,Düz,Dizel,Hatchback/5,Beyaz,1388 cc,80 hp,Önden Çekiş,İkinci El,"6,4 lt",45 lt,"3 değişen, 2 boyalı",Takasa Uygun,Sahibinden,
Sahibinden Skoda Favorit 135 LX 1994 Model,"Eskipazar Mh. Merkez, Yozgat",135.000 TL,06 Temmuz 2025,Skoda,Favorit,135 LX,1994,224.100 km,Düz,LPG & Benzin,Hatchback/5,Kırmızı,1289 cc,54 hp,Önden Çekiş,İkinci El,,47 lt,Tamamı boyalı,Takasa Uygun,Sahibinden,
pazarlıksız son fiyat,"Bahçelievler Mh. Merkez, Zonguldak",275.000 TL,17 Ağustos 2025,Renault,Clio,1.4 RNA,2000,213.000 km,Düz,LPG & Benzin,Sedan,Mavi,1390 cc,75 hp,Önden Çekiş,İkinci El,"7,1 lt",50 lt,Belirtilmemiş,Takasa Uygun Değil,Sahibinden,
Sahibinden Hyundai Accent 1.5 CRDi Admire 2006 Model,"Ahatlı Köyü (Ellezli Mh.) Çaycuma, Zonguldak",300.000 TL,04 Ağustos 2025,Hyundai,Accent,1.5 CRDi Admire,2006,301.000 km,Düz,Dizel,Sedan,Beyaz,1493 cc,82 hp,Önden Çekiş,İkinci El,"5,5 lt",45 lt,Tamamı orjinal,Takasa Uygun,Sahibinden,
Sahibinden Hyundai Accent 1.5 CRDi Admire 2005 Model,"Topçalı Mh. Ereğli, Zonguldak",320.000 TL,02 Temmuz 2025,Hyundai,Accent,1.5 CRDi Admire,2005,315.600 km,Düz,Dizel,Sedan,Gri,1493 cc,82 hp,Önden Çekiş,İkinci El,,45 lt,Belirtilmemiş,Takasa Uygun Değil,Sahibinden,
Sahibinden Opel Vectra 2.0 GLS 1992 Model,"Nurgöz Köyü Merkez, Aksaray",140.000 TL,18 Ağustos 2025,Opel,Vectra,2.0 GLS,1992,360.000 km,Düz,LPG & Benzin,Sedan,Beyaz,1998 cc,115 hp,Önden Çekiş,İkinci El,,,Tamamı boyalı,,Sahibinden,
2015 VW POLO 1.4TDI TRENDLİNE HATASIZ DEĞİŞENSİZ EXTRALI,"Hacılarharmanı Mh. Merkez, Aksaray",675.000 TL,10 Ağustos 2025,Volkswagen,Polo,1.4 TDi Trendline,2015,183.000 km,Düz,Dizel,Hatchback/5,Beyaz,1422 cc,75 hp,Önden Çekiş,İkinci El,"3,6 lt",45 lt,3 boyalı,Takasa Uygun Değil,Galeriden,
Sahibinden Renault Megane 1.5 dCi Dynamique 2006 Model,"Cumhuriyet Mh. Merkez, Aksaray",419.000 TL,21 Temmuz 2025,Renault,Megane,1.5 dCi Dynamique,2006,282.000 km,Düz,Dizel,Sedan,Gri (Gümüş),1461 cc,80 hp,Önden Çekiş,İkinci El,"4,6 lt",60 lt,Belirtilmemiş,,Sahibinden,
Sahibinden Ford Fiesta 1.4 chia 2005 Model,"Gençosman Mh. Merkez, Bayburt",375.000 TL,10 Ağustos 2025,Ford,Fiesta,1.4 Comfort,2005,214.000 km,Düz,Benzin,Hatchback/3,Gri,1388 cc,80 hp,Önden Çekiş,İkinci El,"6,4 lt",45 lt,Belirtilmemiş,,Sahibinden,
Bakımlı ve Sorunsuz,"Tabduk Emre Mh. Merkez, Karaman",330.000 TL,22 Temmuz 2025,Citroen,C3,1.4 SX,2005,269.000 km,Düz,LPG & Benzin,Hatchback/5,Mavi,1360 cc,76 hp,Önden Çekiş,İkinci El,"6,1 lt",47 lt,"2 değişen, 4 boyalı",,Sahibinden,
98 PASSAT OTOMATİK VİTES,"Bağlarbaşı Mh. Merkez, Kırıkkale",220.000 TL,14 Ağustos 2025,Volkswagen,Passat,1.8 Comfortline,1998,311.741 km,Otomatik,Benzin,Sedan,Gri,1781 cc,125 hp,Önden Çekiş,İkinci El,9 lt,62 lt,Tamamı orjinal,Takasa Uygun,Galeriden,
Sahibinden Renault Fluence 1.5 dCi Icon 2016 Model,"Etiler Mh. Merkez, Kırıkkale",900.000 TL,16 Temmuz 2025,Renault,Fluence,1.5 dCi Icon,2016,196.000 km,Yarı Otomatik,Dizel,Sedan,Beyaz,1461 cc,110 hp,Önden Çekiş,İkinci El,"4,4 lt",60 lt,Belirtilmemiş,,Sahibinden,
Sahibinden Suzuki Swift 1.3 MT 2010 Model,"Gültepe Mh. Merkez, Batman",450.000 TL,11 Ağustos 2025,Suzuki,Swift,1.3 MT,2010,156.000 km,Düz,Benzin,Hatchback/5,Beyaz,1328 cc,93 hp,Önden Çekiş,İkinci El,6 lt,43 lt,6 boyalı,,Sahibinden,
Sahibinden Seat Toledo 1.8 Signo 2001 Model,"Bahçelievler Mh. Merkez, Batman",280.000 TL,10 Temmuz 2025,Seat,Toledo,1.8 Signo,2001,300.000 km,Düz,LPG & Benzin,Sedan,Mavi (metalik),1781 cc,125 hp,Önden Çekiş,İkinci El,"8,4 lt",55 lt,"1 değişen, 4 boyalı",,Sahibinden,
Sahibinden Opel Astra 1.6 Enjoy Plus 2011 Model,"Şehrinuh Mh. Merkez, Şırnak",635.500 TL,16 Temmuz 2025,Opel,Astra,1.6 Enjoy Plus,2011,172.000 km,Düz,LPG & Benzin,Sedan,Siyah,1598 cc,115 hp,Önden Çekiş,İkinci El,"6,8 lt",52 lt,Belirtilmemiş,Takasa Uygun,Sahibinden,
Sahibinden Tofaş Doğan L 1992 Model,"Kurt Köyü Merkez, Bartın",145.000 TL,16 Temmuz 2025,Tofaş,Doğan,L,1992,42.000 km,Düz,LPG & Benzin,Sedan,Bordo,1581 cc,83 hp,Arkadan İtiş,İkinci El,"6,5 lt",50 lt,Belirtilmemiş,,Sahibinden,
Sahibinden Volkswagen Passat 1.6 Comfortline 2006 Model  320.000 km Siyah,"Hasanbaba Mh. Çınarcık, Yalova",590.000 TL,21 Ağustos 2025,Volkswagen,Passat,1.6 Comfortline,2006,320.000 km,Düz,Benzin,Sedan,Siyah,1595 cc,102 hp,Önden Çekiş,İkinci El,8 lt,70 lt,3 boyalı,Takasa Uygun Değil,Sahibinden,
Sahibinden Toyota Yaris 1.0 Life 2014 Model,"İsmet Paşa Mh. Merkez, Yalova",415.000 TL,22 Temmuz 2025,Toyota,Yaris,1.0 Life,2014,130.000 km,Düz,Benzin,Hatchback/5,Beyaz,998 cc,69 hp,Önden Çekiş,İkinci El,"4,3 lt",42 lt,Belirtilmemiş,,Sahibinden,
Sahibinden Toyota Corolla 1.4 D-4D Elegant 2008 Model,"Emek Mh. Safranbolu, Karabük",650.000 TL,12 Ağustos 2025,Toyota,Corolla,1.4 D-4D Elegant,2008,247.000 km,Düz,Dizel,Sedan,Gri (Gümüş),1364 cc,90 hp,Önden Çekiş,İkinci El,"4,9 lt",55 lt,Belirtilmemiş,,Sahibinden,
ARE GROUP'DAN-2024-FORD-FOCUS-1.5-EcoBlue-TREND X,"Doğan Güreş Paşa Mh. Merkez, Kilis",1.485.000 TL,20 Ağustos 2025,Ford,Focus,1.5 TDCi Trend X,2024,17.000 km,Otomatik,Dizel,Sedan,Mavi,1500 cc,115 hp,Önden Çekiş,İkinci El,"4,5 lt",47 lt,"1 değişen, 3 boyalı",Takasa Uygun,Galeriden,
Renault toros 1995 model,"Dumlupınar Mh. Merkez, Osmaniye",137.800 TL,20 Ağustos 2025,Renault,R 12,Toros,1995,240.000 km,Düz,Benzin,Sedan,Beyaz,1397 cc,72 hp,Önden Çekiş,İkinci El,,,Tamamı orjinal,Takasa Uygun,Galeriden,
58 BİNDE İLK SAHİBİNDEN (ELİT PAKET),"Cemalpaşa Mh. Kadirli, Osmaniye",830.000 TL,13 Ağustos 2025,Hyundai,i20,1.2 MPI Style,2015,58.000 km,Düz,Benzin,Hatchback/5,Beyaz,1201 - 1400 cm3,76 - 100 HP,Önden Çekiş,İkinci El,,,"1 değişen, 1 boyalı",Takasa Uygun,Galeriden,14000.0
Sahibinden Seat Leon 1.6 TDI CR Style 2017 Model,"İslam Mh. Bahçe, Osmaniye",990.000 TL,28 Temmuz 2025,Seat,Leon,1.6 TDI CR Style,2017,225.000 km,Otomatik,Dizel,Hatchback/5,Beyaz,,,,İkinci El,,,"2 değişen, 1 boyalı",,Sahibinden,
Sahibinden 1997 Model 1.4 RN Temiz Broadway,"Ali Bekirli Mh. Merkez, Osmaniye",270.000 TL,25 Haziran 2025,Renault,R 9,1.4 Broadway RN,1997,332.000 km,Düz,LPG & Benzin,Sedan,Beyaz,1390 cc,83 hp,Önden Çekiş,İkinci El,,47 lt,Belirtilmemiş,Takasa Uygun Değil,Sahibinden,
Sahibinden Tofaş Şahin 1.6 1991 Model,"Ayazlı Mh. Akçakoca, Düzce",95.000 TL,13 Ağustos 2025,Tofaş,Şahin,1.6,1991,62.000 km,Düz,LPG & Benzin,Sedan,Siyah,1581 cc,,Arkadan İtiş,İkinci El,,52 lt,Tamamı boyalı,,Sahibinden,
Düşük Km Hatasız Ayarinda,"Merkez Merkez, Düzce",785.000 TL,27 Temmuz 2025,Fiat,Egea,1.3 Multijet Easy,2019,134.000 km,Düz,Dizel,Sedan,Beyaz,1201 - 1400 cm3,76 - 100 HP,Önden Çekiş,İkinci El,,,2 boyalı,Takasa Uygun,Galeriden,2.0
ÖZER OTOMOTİVDEN 1994 MERCEDES C180 SANRUFLU KLİMA OTOMATİK,"Merkez Merkez, Düzce",365.000 TL,13 Mart 2025,Mercedes - Benz,C,C 180 Elegance,1994,330.000 km,Otomatik,LPG & Benzin,Sedan,Mavi,1601 - 1800 cm3,126 - 150 HP,Arkadan İtiş,İkinci El,,,11 boyalı,Takasa Uygun,Galeriden,
